Extension,Size in bytes,Hashcode,File Name,File Path,Date Modified
pdf,73432,3fd76a40b782c95e4ddca0b25593b8ec6c72e4b3ee40cf6319d3b9cf1f6c2f93,project_description,/Users/abhishekthamatam/Desktop/UMBC/601/Project/project_1/project_description.pdf,Tue Oct 11 17:34:56 2022
ipynb,18860,cfed657605bde15f17c887dbadf7f3efb99a1d816822f5ee322502c3925818ad,main_notebook,/Users/abhishekthamatam/Desktop/UMBC/601/Project/project_1/main_notebook.ipynb,Fri Nov 11 01:30:07 2022
csv,15243,ebc2ff2d0549cdec78a7ee5e830740d6241485aa99a9e7f875572485f0a0b74d,file_info,/Users/abhishekthamatam/Desktop/UMBC/601/Project/project_1/file_info.csv,Wed Nov  9 15:33:18 2022
ipynb,16532,2fe573b0c3a91a977f1e492a2eca24450e05048b7d451c72968557389da56155,main_notebook-checkpoint,/Users/abhishekthamatam/Desktop/UMBC/601/Project/project_1/.ipynb_checkpoints/main_notebook-checkpoint.ipynb,Fri Nov 11 00:12:50 2022
pdf,221003,71bd2e1b0f7bebe6c50e055b21bc07c41329985eefbaaa8af181ade98ea259c1,borealis_algorithm,/Users/abhishekthamatam/Desktop/UMBC/601/Project/project_1/folder_1/borealis_algorithm.pdf,Sat Sep 14 12:50:30 2019
pdf,2710116,2502d8df0da3f7386f9aa347f0f8021da54f2d834da3df1478b648913959b77b,Exact_NMF,/Users/abhishekthamatam/Desktop/UMBC/601/Project/project_1/folder_1/Exact_NMF.pdf,Sun Feb 16 15:41:12 2020
pdf,1439169,a2ca9ffbf525382e3d896dd6e7d90ab7f17d9e265df6c9e3cfab251aeb335e56,yang_baxter,/Users/abhishekthamatam/Desktop/UMBC/601/Project/project_1/folder_1/yang_baxter.pdf,Wed Oct  3 11:18:56 2018
pdf,174641,a01cde2357bc8b964461ccfceb269eb8206d87f591f0aaf68aa02b734f5eb9e0,evolutionary_algorithm,/Users/abhishekthamatam/Desktop/UMBC/601/Project/project_1/folder_1/evolutionary_algorithm.pdf,Fri Jan 25 11:22:38 2019
pdf,192866,07dfcbd13673ecefa6da576148a74abef8f5779fec95309ab308633d1fc2d844,anderson_proofs,/Users/abhishekthamatam/Desktop/UMBC/601/Project/project_1/folder_1/anderson_proofs.pdf,Tue May  1 12:00:30 2018
csv,14762,d26e132568a5134a3afcf7181f1c95673a2cad9a31db784f9dc642182328e942,file_info,/Users/abhishekthamatam/Desktop/UMBC/601/Project/project_1/folder_1/file_info.csv,Sat Nov  5 21:01:18 2022
txt,152246,7575f554f61f4e917e8c9f35b2b023649446c262fa0d6e89367cdebe5d8481af,henry-vi-part-3_TXT_FolgerShakespeare,/Users/abhishekthamatam/Desktop/UMBC/601/Project/project_1/folder_1/folder1_1/folder1_1_1/henry-vi-part-3_TXT_FolgerShakespeare.txt,Fri Oct  7 12:29:28 2022
txt,145915,7ae09a59bdf2d91bc01a91402ee3d98f30ce625b3ccec067ed4ec98acae84f8c,henry-iv-part-1_TXT_FolgerShakespeare,/Users/abhishekthamatam/Desktop/UMBC/601/Project/project_1/folder_1/folder1_1/folder1_1_1/henry-iv-part-1_TXT_FolgerShakespeare.txt,Fri Oct  7 12:29:30 2022
txt,136156,f61a65ed2ee74d1a1144139ad54b3cef5d703f6423fac8e97044a28ec0f78fb2,henry-vi-part-1_TXT_FolgerShakespeare,/Users/abhishekthamatam/Desktop/UMBC/601/Project/project_1/folder_1/folder1_1/folder1_1_1/henry-vi-part-1_TXT_FolgerShakespeare.txt,Fri Oct  7 12:29:30 2022
txt,157464,ffc830fa5ebf11444d32fa54f7957886eb10baf62972b0d58a8adb15f386751e,henry-v_TXT_FolgerShakespeare,/Users/abhishekthamatam/Desktop/UMBC/601/Project/project_1/folder_1/folder1_1/folder1_1_1/henry-v_TXT_FolgerShakespeare.txt,Fri Oct  7 12:29:30 2022
txt,149163,233bad61c684a1b3604517821df511c717b50f7c824c68c093db91a9dc68bb12,henry-viii_TXT_FolgerShakespeare,/Users/abhishekthamatam/Desktop/UMBC/601/Project/project_1/folder_1/folder1_1/folder1_1_1/henry-viii_TXT_FolgerShakespeare.txt,Fri Oct  7 12:29:30 2022
txt,158182,72aa4aa189a83623157ba36e673982665773f1e5d41113ab01fe1730b94f37ca,henry-vi-part-2_TXT_FolgerShakespeare,/Users/abhishekthamatam/Desktop/UMBC/601/Project/project_1/folder_1/folder1_1/folder1_1_1/henry-vi-part-2_TXT_FolgerShakespeare.txt,Fri Oct  7 12:29:32 2022
txt,159858,e4343c5ee90aed4135e56ab1b8388e3b8327a406b933db9f9a408ec729e89548,henry-iv-part-2_TXT_FolgerShakespeare,/Users/abhishekthamatam/Desktop/UMBC/601/Project/project_1/folder_1/folder1_1/folder1_1_1/henry-iv-part-2_TXT_FolgerShakespeare.txt,Fri Oct  7 12:29:32 2022
pdf,660458,14a6dac79947c8cb51e9f5746c92c4d3c7673b6e9252597f4e69814d38a2615c,QUEST,/Users/abhishekthamatam/Desktop/UMBC/601/Project/project_1/folder_1/folder1_1/folder1_1_1/folder1_1_1_1/QUEST.pdf,Sat Jun 18 19:59:56 2022
pdf,429098,4bd569f33ae20ef738a6636a60eb4e3e9ded7597050a63ad4cf0784420ca1db2,quantum_branch_and_bound,/Users/abhishekthamatam/Desktop/UMBC/601/Project/project_1/folder_1/folder1_1/folder1_1_1/folder1_1_1_1/quantum_branch_and_bound.pdf,Mon Jul 25 13:04:54 2022
pdf,2543515,2549cc1d29b3337294b8db4d358e1eb76e5bd3d6d8db42ebe4314a3b34303711,quantum_image_rep_survey,/Users/abhishekthamatam/Desktop/UMBC/601/Project/project_1/folder_1/folder1_1/folder1_1_1/folder1_1_1_1/quantum_image_rep_survey.pdf,Wed Jul 20 14:39:26 2022
exe,8849459,dd661df61dfc78ea0a1c7a5b66206997b93a944c2e4955f488de8d246b54dddb,basic_program,/Users/abhishekthamatam/Desktop/UMBC/601/Project/project_1/folder_1/folder1_1/folder1_1_1/folder1_1_1_1/basic_program.exe,Fri Sep  9 19:38:54 2022
pdf,244768,cb490b3f02e97a150f941743c91e2afb23e7874c8b341f79ca0c0683ac08a4a9,OPTIC_binary_classifier,/Users/abhishekthamatam/Desktop/UMBC/601/Project/project_1/folder_1/folder1_1/folder1_1_1/folder1_1_1_1/OPTIC_binary_classifier.pdf,Sun Jun 26 12:22:08 2022
pdf,796505,83a0250a9f1b3745aca44cf03db787737a14c8f9de6bdf89a5fa5c96a48720e5,qualpi_image_reg,/Users/abhishekthamatam/Desktop/UMBC/601/Project/project_1/folder_1/folder1_1/folder1_1_1/folder1_1_1_1/qualpi_image_reg.pdf,Thu Jul 21 16:27:42 2022
txt,181588,3a4af7e756884c1cfd81594909d6ae5c6a9ec4bfecd32f2f6b5ac5cf138d9db9,richard-iii_TXT_FolgerShakespeare,/Users/abhishekthamatam/Desktop/UMBC/601/Project/project_1/folder_1/folder1_3/richard-iii_TXT_FolgerShakespeare.txt,Fri Oct  7 12:29:28 2022
txt,149062,85b19cd28afe5af382d6c61c5d8d0457e3041884c57e212be2fde33138f9bcfa,the-winters-tale_TXT_FolgerShakespeare,/Users/abhishekthamatam/Desktop/UMBC/601/Project/project_1/folder_1/folder1_3/the-winters-tale_TXT_FolgerShakespeare.txt,Fri Oct  7 12:29:28 2022
txt,135081,65b6266143ca132dcc523d1f4caa532d36dc3cd1370a8188906359572dd0a398,richard-ii_TXT_FolgerShakespeare,/Users/abhishekthamatam/Desktop/UMBC/601/Project/project_1/folder_1/folder1_3/richard-ii_TXT_FolgerShakespeare.txt,Fri Oct  7 12:29:28 2022
txt,147304,2ff33c24dd9d7d3471475d6e58bce2cdf98f96b8849d7f3ee497f8c65a9e275a,the-two-noble-kinsmen_TXT_FolgerShakespeare,/Users/abhishekthamatam/Desktop/UMBC/601/Project/project_1/folder_1/folder1_3/the-two-noble-kinsmen_TXT_FolgerShakespeare.txt,Fri Oct  7 12:29:28 2022
txt,56790,102134c747e6ff9e6260a845c6f50f56d9d4fb227cdb21c774b8b4422e2e5765,venus-and-adonis_TXT_FolgerShakespeare,/Users/abhishekthamatam/Desktop/UMBC/601/Project/project_1/folder_1/folder1_3/venus-and-adonis_TXT_FolgerShakespeare.txt,Fri Oct  7 12:29:28 2022
txt,115166,6aa6cc3fcbd6146653e7634e95d8bff72a6dfa817f93223f00a7cec7a6bc3b5b,timon-of-athens_TXT_FolgerShakespeare,/Users/abhishekthamatam/Desktop/UMBC/601/Project/project_1/folder_1/folder1_3/timon-of-athens_TXT_FolgerShakespeare.txt,Fri Oct  7 12:29:28 2022
txt,125304,48daa206aca51dfc35bf5bc204715d22099c61d8e3c0e7a24f3602c638ea90d0,the-merchant-of-venice_TXT_FolgerShakespeare,/Users/abhishekthamatam/Desktop/UMBC/601/Project/project_1/folder_1/folder1_3/the-merchant-of-venice_TXT_FolgerShakespeare.txt,Fri Oct  7 12:29:28 2022
txt,166143,babc6d69fd6bc619b9d3b538bdf9ff15f3700793234495309cbbb40f56d3ca1f,troilus-and-cressida_TXT_FolgerShakespeare,/Users/abhishekthamatam/Desktop/UMBC/601/Project/project_1/folder_1/folder1_3/troilus-and-cressida_TXT_FolgerShakespeare.txt,Fri Oct  7 12:29:28 2022
txt,113339,4edc27fa480308e3b69a66f098011f837d7532e858c361e0bcf7332e71ce0fa1,pericles_TXT_FolgerShakespeare,/Users/abhishekthamatam/Desktop/UMBC/601/Project/project_1/folder_1/folder1_3/pericles_TXT_FolgerShakespeare.txt,Fri Oct  7 12:29:30 2022
txt,136592,d60c4576331e56c2e44a96210bc9a4df0309aa29c00be2d6d4a4706e7664c13b,the-merry-wives-of-windsor_TXT_FolgerShakespeare,/Users/abhishekthamatam/Desktop/UMBC/601/Project/project_1/folder_1/folder1_3/the-merry-wives-of-windsor_TXT_FolgerShakespeare.txt,Fri Oct  7 12:29:30 2022
txt,103322,6425c83539ef076cc71f568702763debfacea50f65219400d446778481ca94a6,the-tempest_TXT_FolgerShakespeare,/Users/abhishekthamatam/Desktop/UMBC/601/Project/project_1/folder_1/folder1_3/the-tempest_TXT_FolgerShakespeare.txt,Fri Oct  7 12:29:30 2022
txt,130330,75c829342b56a1a5a85e0d669987ef4e0c834a8d9fd36a9f3bcd9452aec6e3f6,the-taming-of-the-shrew_TXT_FolgerShakespeare,/Users/abhishekthamatam/Desktop/UMBC/601/Project/project_1/folder_1/folder1_3/the-taming-of-the-shrew_TXT_FolgerShakespeare.txt,Fri Oct  7 12:29:30 2022
txt,159411,6b654ec71126492b0061fd8c995f6a5f511360841fadac07e7cd6810f766d722,othello_TXT_FolgerShakespeare,/Users/abhishekthamatam/Desktop/UMBC/601/Project/project_1/folder_1/folder1_3/othello_TXT_FolgerShakespeare.txt,Fri Oct  7 12:29:30 2022
txt,99272,4edceb55d15b87236a5e46069a1edf813864def60497b9fbd6afb0a6a47cdb6e,shakespeares-sonnets_TXT_FolgerShakespeare,/Users/abhishekthamatam/Desktop/UMBC/601/Project/project_1/folder_1/folder1_3/shakespeares-sonnets_TXT_FolgerShakespeare.txt,Fri Oct  7 12:29:30 2022
txt,146706,37b24f14cff006b68b0b7783d00f48c1a7ecb531865a8e01c42da6953206398c,romeo-and-juliet_TXT_FolgerShakespeare,/Users/abhishekthamatam/Desktop/UMBC/601/Project/project_1/folder_1/folder1_3/romeo-and-juliet_TXT_FolgerShakespeare.txt,Fri Oct  7 12:29:32 2022
txt,124759,c8f0463e88621105605e6537ab725a76a062231b23ac0664ad82737c9876fbdc,titus-andronicus_TXT_FolgerShakespeare,/Users/abhishekthamatam/Desktop/UMBC/601/Project/project_1/folder_1/folder1_3/titus-andronicus_TXT_FolgerShakespeare.txt,Fri Oct  7 12:29:32 2022
txt,119215,99c67dd4babea0eadd72331590dd8be29b4f98c62c3e9b0e0dc07a6c93bd03f0,twelfth-night_TXT_FolgerShakespeare,/Users/abhishekthamatam/Desktop/UMBC/601/Project/project_1/folder_1/folder1_3/twelfth-night_TXT_FolgerShakespeare.txt,Fri Oct  7 12:29:32 2022
txt,93250,30c56fc91ecdd49f453e56c65f753ddcf42e8df3e972dc163d1b022dea2dd3f8,the-comedy-of-errors_TXT_FolgerShakespeare,/Users/abhishekthamatam/Desktop/UMBC/601/Project/project_1/folder_1/folder1_3/the-comedy-of-errors_TXT_FolgerShakespeare.txt,Fri Oct  7 12:29:32 2022
txt,2466,52485990fa1294e5f7cf53734158437a06cc01d0190698b9268985d2341d86b6,the-phoenix-and-turtle_TXT_FolgerShakespeare,/Users/abhishekthamatam/Desktop/UMBC/601/Project/project_1/folder_1/folder1_3/the-phoenix-and-turtle_TXT_FolgerShakespeare.txt,Fri Oct  7 12:29:32 2022
txt,105727,92582ddb42805d64fff8b484aa395ac8200b24c292bc5505e82581e652a56677,the-two-gentlemen-of-verona_TXT_FolgerShakespeare,/Users/abhishekthamatam/Desktop/UMBC/601/Project/project_1/folder_1/folder1_3/the-two-gentlemen-of-verona_TXT_FolgerShakespeare.txt,Fri Oct  7 12:29:32 2022
json,1007,1b586e41929a8672774bbef426e94b5906b0930c5574dfbf6e9a4a1e0b9f90e9,fixedparam_allres_res_neq_5_2_p,/Users/abhishekthamatam/Desktop/UMBC/601/Project/project_1/folder_1/folder1_2/fixedparam_allres_res_neq_5_2_p.json,Wed Apr 22 21:47:28 2020
json,1000,26b869d0d38bdad71faeab9c9c79fe2a47e991a38e41c84d718e2e1e52e340b4,fixedparam_allres_res_eq_5_0_p1,/Users/abhishekthamatam/Desktop/UMBC/601/Project/project_1/folder_1/folder1_2/fixedparam_allres_res_eq_5_0_p1.json,Wed Apr 22 21:47:28 2020
json,999,7d8b2bb877febffae37fa4df6def2b7bc359c8a27cf1f95ad92a8672fd05b99e,fixedparam_allres_res_eq_5_1_p1,/Users/abhishekthamatam/Desktop/UMBC/601/Project/project_1/folder_1/folder1_2/fixedparam_allres_res_eq_5_1_p1.json,Wed Apr 22 21:47:28 2020
json,995,1494849807aa89c494e73b0b48deb5fdcff77ef11f121ad9d1f3a126ba3b5b6f,fixedparam_allres_res_neq_5_0_p,/Users/abhishekthamatam/Desktop/UMBC/601/Project/project_1/folder_1/folder1_2/fixedparam_allres_res_neq_5_0_p.json,Wed Apr 22 21:47:28 2020
json,999,b38a9c1564e2d4461576286e84518cbf9969dfe73cff380c5551e0cc3d7b41c1,fixedparam_allres_res_eq_5_1_p2,/Users/abhishekthamatam/Desktop/UMBC/601/Project/project_1/folder_1/folder1_2/fixedparam_allres_res_eq_5_1_p2.json,Wed Apr 22 21:47:28 2020
json,1009,14a24890162ae9661ac0e19a600da4d946d8acc8203af051195fd0fbdc4b8f96,fixedparam_allres_res_eq_5_0_p3,/Users/abhishekthamatam/Desktop/UMBC/601/Project/project_1/folder_1/folder1_2/fixedparam_allres_res_eq_5_0_p3.json,Wed Apr 22 21:47:28 2020
json,1001,a77f630a7da987b2b87e08d6077705472f75f24589f1c841bece834fa9a35a70,fixedparam_allres_res_eq_5_0_p2,/Users/abhishekthamatam/Desktop/UMBC/601/Project/project_1/folder_1/folder1_2/fixedparam_allres_res_eq_5_0_p2.json,Wed Apr 22 21:47:28 2020
json,1016,93fb76ec615b6de915ca25624eb58eb63616c982b8f9018292acb09117b64294,fixedparam_allres_res_eq_5_1_p3,/Users/abhishekthamatam/Desktop/UMBC/601/Project/project_1/folder_1/folder1_2/fixedparam_allres_res_eq_5_1_p3.json,Wed Apr 22 21:47:28 2020
json,995,414335113272bcdb112baac4621eef309bafcc366bc5259c600af7372fb92d48,fixedparam_allres_res_neq_5_1_p,/Users/abhishekthamatam/Desktop/UMBC/601/Project/project_1/folder_1/folder1_2/fixedparam_allres_res_neq_5_1_p.json,Wed Apr 22 21:47:28 2020
csv,1706430,bb9ca4041a66e0ed691cb825188f16fdab518435c4950a080951be2fdfe30d4d,california_housing_train,/Users/abhishekthamatam/Desktop/UMBC/601/Project/project_1/folder_1/folder1_2/folder1_2_2/california_housing_train.csv,Fri Oct  7 12:44:50 2022
csv,301141,be3f531aac5aca44fe1c04fd888b4aa68a9a69f69c05d0eb2e0473dfe702dda2,california_housing_test,/Users/abhishekthamatam/Desktop/UMBC/601/Project/project_1/folder_1/folder1_2/folder1_2_2/california_housing_test.csv,Fri Oct  7 12:44:56 2022
csv,36523880,1ef64781aa03180f4f5ce504314f058f5d0227277df86060473d973cf43b033e,mnist_train_small,/Users/abhishekthamatam/Desktop/UMBC/601/Project/project_1/folder_1/folder1_2/folder1_2_2/mnist_train_small.csv,Fri Oct  7 12:43:36 2022
csv,18289443,51c292478d94ec3a01461bdfa82eb0885d262eb09e615679b2d69dedb6ad09e7,mnist_test,/Users/abhishekthamatam/Desktop/UMBC/601/Project/project_1/folder_1/folder1_2/folder1_2_2/mnist_test.csv,Fri Oct  7 12:44:42 2022
json,76611,86e31bfee93f8a77d1299f3df19cd575060a5b6114b1b4aa47aa95e9384f47c3,example,/Users/abhishekthamatam/Desktop/UMBC/601/Project/project_1/folder_1/folder1_2/folder1_2_1/example.json,Fri Apr 19 22:53:38 2019
csv,4413,f4c325b89b4b9195788ffa8c618c1019458437c264e2de83edec70778c2ee760,oscar_age_male,/Users/abhishekthamatam/Desktop/UMBC/601/Project/project_1/folder_1/folder1_2/folder1_2_1/oscar_age_male.csv,Fri Apr 19 19:54:46 2019
json,206,efdf352e50fcb3ee721404b149cbaf1b9597191ec0112b789048e6eaf885b41c,geo_data,/Users/abhishekthamatam/Desktop/UMBC/601/Project/project_1/folder_1/folder1_2/folder1_2_1/geo_data.json,Fri Apr 19 23:19:52 2019
csv,4438,78b187017289c53750b83b696aab350d64e700a20ab248bcdc600ab54d016048,oscar_age_female,/Users/abhishekthamatam/Desktop/UMBC/601/Project/project_1/folder_1/folder1_2/folder1_2_1/oscar_age_female.csv,Fri Apr 19 19:54:52 2019
csv,591,dde1ea215aa42193a231c6f96581a41e895b3abe91ffe324fb942c831e6c88c8,plain_csv_file,/Users/abhishekthamatam/Desktop/UMBC/601/Project/project_1/folder_1/folder1_2/folder1_2_1/plain_csv_file.csv,Fri Apr 19 19:52:56 2019
csv,56890,ad0568aa4e512e713cb1067be2af9edf6f66e0b683ca2f1791bacce4a7191b53,mlb_players,/Users/abhishekthamatam/Desktop/UMBC/601/Project/project_1/folder_1/folder1_2/folder1_2_1/mlb_players.csv,Wed Feb 20 19:16:32 2019
